track_id,artists,album_name,track_name,popularity,duration_ms,explicit,danceability,energy,key,loudness,mode,speechiness,acousticness,instrumentalness,liveness,valence,tempo,time_signature,track_genre,arousal,dominace
6KwkVtXm8OUp2XffN5k7lY,Hillsong Worship,No Other Name,No Other Name,50,440247,False,0.369,0.598,7,-6.984,1,0.0304,0.00511,0.0,0.176,0.0466,148.014,4,world-music,0.6452468624628671,0.8681786356103112
2dp5I5MJ8bQQHDoFaNRFtX,Internal Rot,Grieving Birth,Failed Organum,11,93933,False,0.171,0.997,7,-3.586,1,0.118,0.00521,0.801,0.42,0.0294,122.223,4,grindcore,0.8850543196643493,0.9540062993139423
5avw06usmFkFrPjX8NxC40,Zhoobin Askarieh;Ali Sasha,Noise A Noise 20.4-1,"Save the Trees, Pt. 1",0,213578,False,0.173,0.803,9,-10.071,0,0.144,0.613,0.00191,0.195,0.0887,75.564,3,iranian,0.6778075919517349,0.4676284358214698
75hT0hvlESnDJstem0JgyR,Bryan Adams,All I Want For Christmas Is You,Merry Christmas,0,151387,False,0.683,0.511,6,-5.598,1,0.0279,0.406,0.000197,0.111,0.598,109.991,3,rock,0.5261240345450647,0.8223695379349302
4bY2oZGA5Br3pTE1Jd1IfY,Nogizaka46,バレッタ TypeD,月の大きさ,57,236293,False,0.555,0.941,9,-3.294,0,0.0481,0.484,0.0,0.266,0.813,92.487,4,j-idol,0.8003209842893455,0.6648523596150456
2zQt5C0AIv27RhfJCRZdZ4,BaianaSystem,Duas Cidades,"Jah Jah Revolta, Pt. 2",38,309493,False,0.776,0.8,8,-4.704,0,0.0438,0.00631,0.0731,0.35,0.583,143.989,4,samba,0.7804835696566931,0.7255391233601313
6BctgCJXlgxYeR0ObhLdtR,Joe DeRosa,You Let Me Down,Please Stop Communicating,21,496201,False,0.627,0.815,6,-6.959,0,0.911,0.785,0.0,0.744,0.532,119.197,5,comedy,0.7530207484764033,0.5115729687183702
1LDQFdGTEXOnycDC8CJ5p1,Cane Hill,A Form of Protest,A Form of Protest,54,189405,False,0.395,0.933,11,-3.6,0,0.116,8.74e-06,0.0125,0.328,0.194,92.53,4,metalcore,0.7947868281628028,0.7547012505789716
2DDR5F7bHFJBiX6lPPsT8O,Kano,I'm Ready (Disco Mix - Original 12 Inch Version),I'm Ready - Radio Edit,29,209226,False,0.914,0.766,5,-5.662,1,0.0387,0.192,0.65,0.0747,0.9,126.632,4,disco,0.7301056135730255,0.8638981691726576
2ScU6iEvgb0TIuKiyem9rg,Charlie Brown Jr.,Acústico (Ao Vivo),Proibida Pra Mim (Grazon) - Ao Vivo,48,151666,False,0.345,0.976,8,-4.74,1,0.0487,0.000587,0.0507,0.487,0.818,181.121,4,r-n-b,0.9605420512663461,0.9257834521917367
4ifiz8TRTNdG9ORNWh2P0Q,Kacey Musgraves;Lana Del Rey,Jingle Bell Rock 2022,I'll Be Home For Christmas - From The Kacey Musgraves Christmas Show,0,132108,False,0.469,0.183,5,-15.414,1,0.0407,0.829,0.0,0.71,0.381,139.592,4,country,0.34185065078247023,0.48909292875532
5xWxnLpw8ooMW1nJwY2hui,KIRINJI,J-Pop 輕旅行,時間がない,0,284160,False,0.772,0.675,11,-9.154,0,0.0366,0.124,0.0121,0.102,0.68,126.033,4,j-pop,0.665488393103237,0.5893853053751471
3i2L1PRDEwWcUC03y95UPG,Aníbal Troilo Y Su Orquesta Típica;Roberto Goyeneche,15 Grandes Exitos - Los Discos De Oro De Roberto Goyeneche,Sur,28,237573,False,0.423,0.401,2,-11.219,0,0.0449,0.726,0.0,0.269,0.507,111.213,4,tango,0.4509952255535479,0.4158426505766172
46JGS5Gcz5TilUnqGGHnnl,Imaginasamba;Jojo Maronttinni,Antes e depois (Ao vivo),Pega pega (Participação especial de Jojo Maronttinni) - Ao vivo,50,222184,False,0.511,0.751,11,-4.731,1,0.0924,0.844,0.0,0.962,0.732,158.1,4,pagode,0.7677910789207729,0.7559663884644015
5pq4v03P5PxMcnCagg4S3Z,Boyce Avenue,"Cover Sessions, Vol. 4",In Case You Didn’t Know,60,225165,False,0.633,0.299,11,-7.798,1,0.0353,0.833,0.0,0.109,0.341,147.549,4,acoustic,0.435234829877806,0.6806987821344767
08HJeHs0U9iSbDWX0sWIem,Maria Bethânia,Noturno,O Sopro do Fole,41,169371,False,0.524,0.0856,9,-17.766,1,0.0999,0.739,0.0,0.0919,0.316,93.672,4,r-n-b,0.203355518941598,0.44781680059052
198v7BbjXn2GTeI4NkBN39,Mariene De Castro,Santo De Casa,Vi Mamãe Oxum Na Cachoeira - Live,39,105240,False,0.59,0.697,5,-8.046,1,0.0323,0.75,0.000163,0.621,0.815,126.911,4,samba,0.682232833124062,0.6911672735674613
6bl8PFDgYxbDZHk0LRQhhz,Jebroer;Paul Elstak;The BeatKrusher,Me Gabber (DJ Paul Elstak & The BeatKrusher Remix),Me Gabber - DJ Paul Elstak & The BeatKrusher Remix,22,205351,False,0.553,0.928,7,-3.544,0,0.13,0.0251,0.0,0.171,0.305,160.044,4,hardstyle,0.8946678345021897,0.7510572806470794
0b11D9D0hMOYCIMN3OKreM,Witt Lowry;Ava Max,Into Your Arms (feat. Ava Max),Into Your Arms (feat. Ava Max),77,186022,True,0.504,0.788,3,-4.113,0,0.215,0.0134,0.0,0.363,0.228,170.039,4,pop,0.8119727069488254,0.7390408302781308
2pXg8l1JGZ3hCyFqxirV13,Lalo Ebratt;Trapical,Frescura y Perreo,Mocca,0,200293,False,0.786,0.696,1,-5.343,0,0.352,0.183,0.0,0.123,0.591,97.956,4,reggae,0.6371954062413866,0.6737719879954046
3dJj6o9o1fRgrojWjailuz,Linkin Park,One More Light,Nobody Can Save Me,61,225546,False,0.645,0.688,11,-4.749,1,0.0341,0.0107,0.0,0.186,0.433,139.957,4,metal,0.6959095580804213,0.9235171449425978
0rWLHJnMyJaMFA8x9l8AT0,Billie Eilish,Halloween Party 2022,all the good girls go to hell,3,168839,False,0.854,0.446,1,-8.957,0,0.198,0.313,0.215,0.156,0.57,92.545,4,electro,0.45390979695586925,0.5562571826057783
36kDrsAPQ62bI32WPrlJew,ZITH;Misanthropix,Machine Spirit,Machine Spirit,17,228571,False,0.643,0.956,1,-3.385,1,0.051,0.000458,0.78,0.228,0.515,104.99,4,club,0.8299662389366979,0.9600424808230968
0lASm1brReAnrOirk2f0a2,Christopher Zondaflex Tyler,Mr Chris Hip Hop Dance Moves,Bear Crawl,13,97620,False,0.738,0.499,1,-14.344,1,0.546,0.21,0.0,0.569,0.806,88.916,4,kids,0.4854528802866505,0.640925132562997
1WhGXbgwPOTDPB4ZsJBIDG,Chip E.,Hotter Than House,Time To Jack,7,354960,False,0.813,0.863,1,-8.587,1,0.0563,0.00024,0.89,0.109,0.717,122.93,4,chicago-house,0.7923369154442164,0.8286619517924583
2xIbHYxBs1fiR4NkPc8z33,Tony Matterhorn,Jamaican Style,Ready fi di party,19,59600,False,0.911,0.616,1,-12.46,1,0.272,0.569,0.00795,0.154,0.467,120.999,4,j-dance,0.616480066150124,0.6161432561963268
6NPTmYw2yMu0Oz0IJkoxeR,Los Tukas,10 de Colección,Mis Noches Te Recuerdan,33,134400,False,0.643,0.574,0,-5.427,1,0.035,0.583,0.0,0.0492,0.845,108.002,4,rock-n-roll,0.5671783725844485,0.7910039215572084
0Xs1Yh44j5cIgUQtOCBcQj,Apache Indian,Time For Change,Sometimes Love,3,242213,False,0.652,0.806,2,-3.875,0,0.0797,0.133,0.0,0.281,0.88,107.883,4,dancehall,0.7293961534927877,0.7209405993571498
5TcuM4sQFHK747kwB2q1Qy,Annaleigh Ashford,Sunday in the Park with George (2017 Broadway Cast Recording),Everybody Loves Louis,22,219333,False,0.521,0.189,1,-10.74,1,0.0478,0.892,0.0,0.0824,0.301,117.833,4,show-tunes,0.3127321195602242,0.5944761759425735
4bh9zPGpEX1yl9Do6rkhHr,Shinedown,Rock Brandneu,Planet Zero,0,222738,False,0.416,0.964,9,-2.967,1,0.112,2.35e-05,0.000875,0.473,0.212,157.925,4,alternative,0.9166231096683306,0.9706905270516617
7vk7u7kaqw5A6BtkfoxQf3,Yiruma,The Best - Reminiscent 10th Anniversary,Do You?,46,292906,False,0.435,0.101,7,-18.753,1,0.0487,0.992,0.926,0.101,0.222,107.449,4,new-age,0.23523158974673075,0.3718724998947324
72jbDTw1piOOj770jWNeaG,The Chainsmokers,Memories...Do Not Open,Paris,74,221506,False,0.653,0.658,2,-6.428,1,0.0304,0.0215,1.66e-06,0.0939,0.219,99.99,4,dance,0.6137099745812024,0.8789210782507075
4zD9RBG51Lj8bnQwolLnyu,OneRepublic,Human (Deluxe),Wild Life,45,267117,False,0.479,0.762,2,-7.86,1,0.0378,0.00711,0.011,0.0965,0.0519,115.956,4,piano,0.7109579579211711,0.845643948084554
7MiYNyj5si5yiWyeSkgzqB,Joachim Pastor;Worakls,"Hungry Music Remix, Vol. 1",Joda - Worakls Remix,50,338086,False,0.757,0.678,3,-11.225,0,0.0323,0.0399,0.849,0.129,0.13,115.01,4,techno,0.6507093927051113,0.5540188968850639
6suU440DRXoxpLNKWf46XJ,Realidade Cruel,Dos Barracos de Maderite aos Palácios de Platina,O Resgate,48,415660,False,0.553,0.732,7,-5.206,0,0.262,0.622,0.0,0.163,0.436,152.59,4,funk,0.7460538756010167,0.5887243420397772
5ueWiIP0QQcAqbMutT1Ng0,Balbi El Chamako,La Vida Es Bela,La Mala,39,221184,True,0.628,0.787,10,-6.809,1,0.139,0.0059,0.0,0.124,0.377,172.045,4,reggaeton,0.8143444002082503,0.8724405988024693
49Z1VQivkHoY5KGdUwMv5i,RL Grime;Hex Cougar;fknsyd,Sable Valley Summer Vol. 3,Silo (feat. fknsyd),55,247500,False,0.472,0.933,5,-4.985,0,0.195,0.0632,0.367,0.0678,0.326,159.949,4,electronic,0.8980223654794353,0.7069700179565522
1WDDMw1k46OS4W2IGxmLzj,Feid,FELIZ CUMPLEAÑOS,Ferxxo 100,4,167760,False,0.705,0.562,8,-3.378,0,0.0674,0.257,0.0,0.137,0.569,163.893,4,pop,0.6443616268030503,0.7084966972538771
5tmcGYwmon8ufw9igbwwKk,Blake Rules;Netherfriends,Kids Trap 2,Making Music,13,146086,False,0.782,0.342,0,-15.203,1,0.0721,0.299,0.0237,0.103,0.345,115.018,4,kids,0.4155216427280801,0.6012794596845784
5Iqh58mh9xHzOkXNorHibJ,Estela Nuñez,Estela Nuñez... Sus Primeras E Inolvidables Grabaciones,Ruega por Mí (Prega Per Me),30,201493,False,0.494,0.404,0,-10.108,1,0.0299,0.847,0.0,0.122,0.386,96.387,3,rock-n-roll,0.4303928704866321,0.6195158246059733
5llrpUzc5oZ4U2RLruiDeI,Yonder Mountain String Band,"Mountain Tracks, Vol. 3",Holding,33,537106,False,0.472,0.702,9,-8.965,1,0.0981,0.82,4.25e-05,0.362,0.351,104.656,4,bluegrass,0.6516548004777508,0.6538364263013816
6jAoHpOWUd5dpBUy0PW7TR,VNV Nation,Judgement,The Farthest Star,25,292973,False,0.552,0.937,9,-6.738,0,0.0488,0.0232,0.00268,0.102,0.347,134.98,4,industrial,0.862588512540961,0.6707464245835291
0LoQuiekvzqx7n8flgEKzF,T. Rex,Electric Warrior,Get It On,71,262613,False,0.728,0.878,11,-6.926,0,0.0564,0.176,0.856,0.61,0.911,126.59,4,blues,0.8084413009524392,0.6351900278780191
34XYMzu7cmqQjItV8mJ77m,Orquesta Color Tango De Roberto Alvarez,Tango a Pugliese Con estilo para bailar Vol. 3,Para dos,18,175046,False,0.633,0.219,9,-11.805,0,0.0887,0.72,0.692,0.113,0.537,118.814,4,tango,0.33523427862677235,0.4022475047661666
60an8Fb1pH1MniTxTlo2l9,Mc Bruninho da Praia;Mc Kadu;MC GP;Mc Lele JP,Bloco do Carro Chefe,Bloco do Carro Chefe,46,396000,False,0.818,0.486,4,-7.006,0,0.394,0.0996,0.0,0.0437,0.637,113.192,5,funk,0.513525574985453,0.6485722516634238
5FPnjikbwlDMULCCCa6ZCJ,John Mayer,Heavier Things,Daughters,67,237906,False,0.674,0.413,2,-7.816,1,0.0274,0.836,1.95e-05,0.098,0.503,124.893,3,singer-songwriter,0.480342764830184,0.6796391821061047
5kVZxyMY1gfdCLiChsfjn1,Bad Bunny,Un Verano Sin Ti,Yo No Soy Celoso,85,230704,True,0.872,0.588,0,-6.276,1,0.0492,0.275,0.0,0.17,0.93,142.004,4,reggaeton,0.6290440327075613,0.8316519186761335
2Fc99kfkQ1S2RilXcd6xIU,Money Chicha,Echo en Mexico,Quieren Efectos,24,167217,False,0.553,0.773,5,-6.446,1,0.0343,0.173,0.865,0.185,0.597,96.617,4,afrobeat,0.689045058646985,0.8479216983093555
47bweAQBrsV1Vi3hDmEIAo,Korsakoff,Stiletto,Boozed - Edit,19,215639,False,0.462,0.978,6,-4.089,0,0.0951,0.0569,0.42,0.168,0.33,168.624,4,happy,0.9428059841362202,0.7308769330373974
5i7s3sB1LzxeVz8CWVEpAO,Tove Lo;The Young Professionals,Remixes & Covers,Talking Body - The Young Professionals Remix,44,221146,True,0.651,0.579,5,-8.023,0,0.0379,0.00166,0.000397,0.0794,0.443,138.993,4,swedish,0.6181334303126818,0.64262467995891
6xwqmrEshHeFlVI3hrc685,Los Vaguens,Hotel Acapulco,Penurias,27,198013,False,0.329,0.596,5,-11.17,1,0.0569,0.0179,0.00102,0.267,0.413,167.831,4,rockabilly,0.6741917006094386,0.7598439520259641
21excOPd45gzWN8zCt8Vhw,Annie Lennox,Christmas Best Hits 2022,Angels From The Realms of Glory,0,240146,False,0.523,0.322,0,-8.957,1,0.0285,0.535,0.0,0.132,0.3,126.002,4,singer-songwriter,0.41834092426423297,0.7114987237459693
39NkxITdhS5BPBZ3ma2CTM,The Green;Sean Na'auao;Kaumakaiwa;Kumu Hina,"My Hawai'i (feat. Sean Na'auao, Kaumakaiwa, Kumu Hina)","My Hawai'i (feat. Sean Na'auao, Kaumakaiwa, Kumu Hina)",36,265326,False,0.726,0.593,0,-7.138,0,0.0851,0.284,0.0,0.527,0.857,139.924,4,j-rock,0.6293590267356751,0.6080596274966559
14nEPCQLWtMqV4uE1cRHFv,Lörihen,Bajo la Cruz,Vida Eterna,29,295263,False,0.31,0.884,1,-4.088,1,0.0488,0.000301,0.0,0.177,0.314,75.023,4,heavy-metal,0.7336791841484702,0.9423133865068251
1gexiILoiAONdvcXlzVQeE,Unholy,Ego Sum Deus,Ego Sum Deus,41,310390,False,0.636,0.538,2,-6.921,1,0.0324,0.00126,0.881,0.123,0.0388,115.983,4,club,0.5541993017486907,0.8705464980906141
0mljrVHFeq2qgThql44LcI,Ferrugem,Ferrugem em Casa 2 (Bloco 1) [Ao Vivo],Tô isso aqui pra te beijar - Ao Vivo,43,190662,False,0.537,0.761,2,-6.194,1,0.0741,0.543,0.0,0.472,0.705,165.984,4,pagode,0.7868634765565184,0.7796908507325029
59wlTaYOL5tDUgXnbBQ3my,ODESZA,A Moment Apart,A Moment Apart,66,234244,False,0.515,0.663,7,-7.896,0,0.0328,0.179,0.668,0.494,0.0756,120.024,4,chill,0.6478870946008024,0.6100788888374782
2Qud6Q1KlK22qHcjUGlRpJ,Marcianeke,Sueltate Mah,Sueltate Mah,41,178800,True,0.662,0.785,1,-10.159,0,0.203,0.614,0.0,0.106,0.797,180.108,4,reggaeton,0.8252908921079227,0.4652035696365945
2Pp9osgyIcw6o1avfDDDhH,BLACKPINK,SQUARE UP,Forever Young,67,237076,False,0.592,0.961,4,-1.807,1,0.096,0.0423,0.0,0.0882,0.508,109.826,4,k-pop,0.8408713778213334,0.9914734611673895
4xu38KnbRHbRHRwdg4KFul,Fan Sounds,Box Fan Long Loop For Sleep,Box Fan Long Loop For Sleep,54,500166,False,0.0,2.03e-05,6,-25.556,1,0.0,0.145,0.213,0.114,0.0,0.0,0,sleep,1.4209999999999998e-05,0.3707676335777394
3oRP6yGs5d0kFpGRRzzaS8,Mayday,因為你 所以我,因為你 所以我,53,281799,False,0.47,0.685,11,-6.896,1,0.0363,0.188,0.0,0.112,0.488,152.103,4,mandopop,0.7124081554527915,0.833528578372978
19ZjBzxJ5ARxbln6Qmw1AN,Ray Peterson,Missing You,"Corrina, Corrina",47,162160,False,0.481,0.413,9,-8.688,1,0.0326,0.798,1.61e-05,0.0817,0.681,127.591,4,rockabilly,0.48447408507640943,0.6652701386489009
3CmUas41TD2t8EGNZ85J9f,blink-182,Emo Christmas 2022,"Happy Holidays, You Bastard",2,42440,True,0.409,0.99,11,-2.084,1,0.115,0.02,0.0,0.513,0.962,172.715,4,punk,0.9574703396318867,0.9889712791238771
0y4iXXlpVFJSQjlx0vQ3MZ,Alex Keeper,Forever,Forever,57,172714,False,0.763,0.457,10,-14.629,0,0.0539,0.796,0.414,0.108,0.0384,117.996,4,french,0.5005817137782134,0.3155786271768055
3F5DccNp39Waj4QjZBUPGO,George Frideric Handel;The English Concert;Trevor Pinnock;The English Concert Choir,Weihnachten Klassik 2022,"Messiah, HWV 56 / Pt. 2: XLII. ""Hallelujah""",0,240760,False,0.434,0.262,1,-12.874,1,0.0286,0.959,0.6,0.141,0.256,103.015,4,german,0.34114201451627724,0.5270541434086428
7Afr3PKTtlFGHGiXYgnv6P,Ben Rector,The Walking in Between,I Like You,56,138506,False,0.624,0.334,3,-11.89,1,0.0391,0.321,3.27e-06,0.113,0.397,157.92,4,piano,0.47561545340397504,0.6805443030657212
0qjux3nULEYN7Yz9jijgWz,Rarin,GTA 2,GTA 2,57,123151,False,0.627,0.652,5,-8.545,0,0.122,0.214,0.0,0.0767,0.487,160.089,4,sad,0.7015367408813891,0.5866258952014909
5f5DBTOW5Y6wPiKTVcYVkg,doVicente,Superlove,Superlove,58,145737,False,0.753,0.809,6,-8.268,1,0.0637,0.317,0.0076,0.141,0.409,119.991,4,french,0.7500365632560562,0.7728577726054242
5jyPgh9K0YlyhlVGQzFsbO,Robin Schulz;David Guetta,House Anthems,On Repeat,5,190217,False,0.609,0.801,1,-8.483,0,0.0694,0.0246,0.00255,0.37,0.202,122.958,4,deep-house,0.7489797905246072,0.6263780972504017
6Gx3Ry4ORogdMibbdITOuN,Ajay Gogavale;Shreya Ghoshal,Dhadak,Dhadak Title Track,58,243484,False,0.375,0.312,7,-10.656,0,0.031,0.85,0.00988,0.137,0.22,77.527,4,pop-film,0.3371134413377025,0.4050661871023393
34a89MbC7QXsUsLkljLgXX,Tom Petty,80s Bangers Vol. 1,Free Fallin',1,255680,False,0.619,0.504,5,-11.562,1,0.025,0.0614,0.0,0.06,0.568,84.335,4,folk,0.48193821088414535,0.7411701385782326
3zPVG3y3rEzyixSFhe3XYu,Léo Magalhães,Ao Vivo em Goiânia,Andorinha Machucada / Tudo de Novo / Pense em Mim (Ao Vivo),45,225360,False,0.415,0.501,11,-7.232,1,0.0361,0.83,0.0,0.242,0.306,114.579,4,forro,0.5261494227176675,0.6956031756278366
4YXKKnIZuk7UtXH5oC0ffa,Little Richard,Good Golly!,Lucille,56,143826,False,0.676,0.708,8,-12.115,0,0.0698,0.592,0.000307,0.166,0.919,143.669,4,rockabilly,0.7155935687379413,0.420222275036453
089tprIgsyFSOrZpugamLI,Ekali;ZHU,Blame,Blame,45,177151,False,0.624,0.68,9,-7.285,0,0.0421,0.114,6.78e-05,0.0614,0.117,91.998,4,dubstep,0.616872201635378,0.6386202824371716
3RVKeAie8vdadw5r1PPBx5,Jody Reynolds,Endless Sleep,(Evil Hearted Me) Downright Evil,23,154466,False,0.593,0.865,4,-10.227,1,0.0378,0.719,2.29e-05,0.303,0.969,157.96,4,rockabilly,0.847376703518819,0.6423160612116845
7u1S5QZSwrWyNczrN9IAKR,Marina Herlop,Nanook,Doiloi,17,230000,False,0.343,0.129,8,-14.82,1,0.042,0.988,0.174,0.141,0.0371,124.396,5,club,0.28078173215324775,0.47204314236803263
08r6N5mPmFMLhaXRZVfUbB,The Nightraver,We're From Rotterdam,If You'Re Smart,22,174718,False,0.571,0.873,6,-11.995,0,0.0732,3.25e-05,0.74,0.373,0.0894,179.841,4,happy,0.8864820475913392,0.542603319450364
5YLHLxoZsodDWjqSgjhBf3,Bazzi,COSMIC,Myself,68,167552,False,0.745,0.561,9,-5.513,0,0.072,0.465,1.12e-06,0.0338,0.902,195.918,4,electro,0.6926999999999999,0.6126217306819298
1mVn6LE3NukwuP1uAixzgT,Powerman 5000,The Ultimate Skate Punk Album Vol.1,When Worlds Collide,27,177960,False,0.56,0.903,11,-4.77,1,0.0754,0.00132,0.0,0.291,0.581,143.821,4,industrial,0.8523263191743484,0.9248777419820843
4zjuPxRdniuN7LZzI5aQNA,Isan,Lamenting Machine,Memory Cascades,10,279626,False,0.562,0.343,1,-20.924,1,0.0419,0.508,0.89,0.16,0.254,81.691,4,idm,0.3651895782929593,0.41460537959102595
0CkwGzywZ3js4Hcmb0RkQn,twocolors,Mega Hits Autumn/Fall 2022,Heavy Metal Love,3,132000,False,0.768,0.767,5,-8.06,0,0.0358,0.194,0.0,0.121,0.457,125.029,4,edm,0.7283510152206534,0.602911336293412
2Yj1sRA7UENRp7p6tt8E1k,Powfu;sadeyes,Letter's You Never Received,Break Ups Suck Ass,51,164500,True,0.605,0.327,6,-7.659,1,0.037,0.866,0.0,0.125,0.608,179.839,4,sad,0.504278985085597,0.6775572245189199
6OEHLXWw1PDfhbJLbNRi94,Lindsay Mendez;Ben Crawford,35MM: A Musical Exhibition (Original Cast Recording),Make Me Happy,26,137053,False,0.713,0.639,10,-5.769,1,0.05,0.423,0.0,0.129,0.944,92.072,4,show-tunes,0.5882855143478394,0.8146219064802067
2B5a8L30R9vk3F9clonX5g,Los Tecolines,Peerless 80 Aniversario - 24 Exitos Vol. 2,Vuela paloma,21,207013,False,0.668,0.374,7,-8.232,1,0.0288,0.788,0.0,0.29,0.669,113.108,4,guitar,0.4349969497442807,0.6788067705174436
3AO4zBhbT0E8hxb9HMSmbM,Jamie Kilstein,"Libel, Slander & Sedition",Obama and Hitler!,24,140199,True,0.705,0.555,2,-7.811,1,0.941,0.653,0.0,0.649,0.661,116.073,5,comedy,0.5662371145070897,0.7166609895717719
6LFXmq8DuXrxoyrPz7c5Lw,Limão Com Mel;Tarcísio do Acordeon,Estúdio Limão,Ponto Final,38,206767,False,0.657,0.829,2,-5.596,0,0.0673,0.276,0.0,0.207,0.569,117.029,4,forro,0.7595009922518604,0.6486299747195626
4UDmDIqJIbrW0hMBQMFOsM,Bee Gees,Staying Alive (Original Motion Picture Soundtrack),Stayin' Alive,77,92866,False,0.707,0.535,10,-19.793,0,0.0436,0.113,0.00615,0.0884,0.641,103.644,4,disco,0.5332051725721986,0.3228170127005344
4RShNT9cGPE2jnrO82Ma0I,Cameron's Bedtime Classics,Lullabies and Nursery Rhymes,Little Jack Horner - Original Mix,19,58826,False,0.495,0.137,5,-17.15,1,0.0468,0.968,0.946,0.109,0.271,139.73,3,disney,0.30986196367868185,0.417209799511156
0Y2v82GQsomVCqnfWpRSg5,Calcinha Preta,"Dois Amores, Duas Paixões, Vol. 14","Dois Amores, Duas Paixões",48,223007,False,0.496,0.727,1,-4.378,0,0.0427,0.237,0.0,0.422,0.501,166.068,4,pagode,0.7631921017976908,0.687264769193413
3iRKwxW8ZDjmL9nKk3nisz,Tiwa Savage;Zinoleesky,Jaiye Foreign,Jaiye Foreign,58,190164,False,0.82,0.816,5,-6.29,0,0.077,0.0216,7.81e-05,0.0541,0.861,108.98,4,dancehall,0.7380759378923835,0.6823873793706512
1HGtTmgl1sEycuS9lJviWQ,Zaeden,Genesis 1:1,dooriyan,63,161624,False,0.735,0.593,11,-7.473,1,0.0885,0.731,0.178,0.135,0.475,160.07,4,indie-pop,0.6602076470768382,0.7094743514851602
69Yia3qCLw6N9U80WhLwLn,Death,The Sound of Perseverance - Reissue,Voice of the Soul,58,223933,False,0.158,0.572,7,-6.293,0,0.0346,0.000926,0.893,0.144,0.347,79.176,3,death-metal,0.5216384773221449,0.6864797685906865
73rQVihYf9bPXflrJiesqF,Kemuel,Ressuscitou (Resurrecting) [Kemuel Nation],Ressuscitou (Resurrecting) [Kemuel Nation],36,491000,False,0.413,0.509,1,-8.439,1,0.0292,0.326,0.0,0.116,0.222,148.055,4,groove,0.5830096438305822,0.7667230585870901
7G4FH6SEh9wgDRztDi3cDE,Lasse Stefanz,Evergreen,Utan att förstå,36,224640,False,0.663,0.733,9,-5.09,1,0.0298,0.00878,9.01e-06,0.108,0.741,107.967,4,swedish,0.6784247787339601,0.9152891455441909
44Lv3y1OHRM7r8vuEAGTkW,FiNCH;SDP,Hold Me Now,Liebe ist ...,35,183173,True,0.631,0.8,9,-4.179,1,0.101,0.107,0.0,0.373,0.782,156.941,4,party,0.800316356843169,0.9185022576433787
5d4MvCqMJUgoVVCz16tvlD,Miriam Yeung,My Favourite Hits,再見二丁目,38,236840,False,0.645,0.3,5,-10.282,1,0.0362,0.815,0.0,0.115,0.214,143.928,4,cantopop,0.43039016323155604,0.6215715197841813
3JCcBtwNldEBd3O4hqYDWI,Almighty;Manny Montes,Genelipsis,No Me Arrodillo,39,225500,False,0.81,0.542,11,-7.146,0,0.415,0.102,0.0,0.113,0.376,164.151,4,latino,0.6307566900437938,0.6445513854013057
0fGDKi4UeXx8CypAvJdAj6,DJ Furax;Redshark,Techno Hard,F***k Orgus (Dance) - Dr. Rude Remix,26,332408,False,0.842,0.867,7,-6.886,1,0.364,0.00892,0.74,0.256,0.587,147.011,4,j-dance,0.8320110158331546,0.8698863774030715
0NmnFMWMkTETNANGpVVqyc,Moore Kismet,Wasteland,Wasteland,51,183424,False,0.563,0.836,1,-3.901,0,0.0903,0.108,0.0,0.243,0.657,141.923,4,dubstep,0.8025200012250022,0.7253240965829297
6HhdFRM9un1Ojpz1A98pVi,High Contrast,If We Ever (Unglued Remix),If We Ever - 2018 Remaster,25,320271,False,0.542,0.875,7,-4.285,1,0.0507,0.000356,0.31,0.359,0.114,172.973,4,j-dance,0.8773654028726303,0.9373252460341165
